brand,website,category,role,primary_market,positioning,target_customer,core_products,observed_price_usd,materials,style,channels,acquisition,trust_mechanism,aov_repeat_mechanism,strength,weakness,able_overlap,threat,source_date
Exo Terra,https://exo-terra.com/,reptile,direct,Global,Naturalistic full habitat system,Mainstream reptile keepers,"caves, backgrounds, plants, bowls","$6-$70","resin, plastic, natural materials",naturalistic,"DTC info, Chewy, Petco, specialty retail","retail shelf, SEO, keeper content",long category history,ecosystem cross-sell,distribution and breadth,commodity rock aesthetic,high,high,2026-09-29
Zoo Med,https://zoomed.com/,reptile,direct,US/Global,Husbandry-led specialist,All reptile keepers,"hides, logs, shelters, lighting, substrate","$5-$80","resin, ceramic, wood, plastic",naturalistic,"Chewy, Petco, PetSmart, specialty","education, retail",care expertise,consumables repeat,authority and range,decor design modest,high,high,2026-09-29
Zilla,https://www.zillarules.com/,reptile,direct,US,Accessible functional habitats,Beginner/intermediate keepers,"Rock Lair, hides, décor, enclosures","$10-$70","resin, plastic",naturalistic,"Chewy, Petco, Amazon",retail and SEO,function-first claims,habitat bundles,recognizable hero hides,size/spec depth variable,high,high,2026-09-29
Komodo,https://www.komodoproducts.com/,reptile,direct,UK/EU,Natural habitat accessories,European keepers,"caves, bowls, plants, backgrounds","$8-$55","resin, wood, plastic",natural,"specialty retail, ecommerce",dealer network,specialist positioning,range cross-sell,UK/EU reach,less DTC storytelling,medium,medium,2026-09-29
Pangea Reptile,https://www.pangeareptile.com/,reptile,direct,US,Gecko specialist community brand,Gecko and arboreal keepers,"food, hides, ledges, enclosures","$8-$120","plastic, ceramic, resin",functional/natural,"DTC, specialty",community and SEO,species expertise,food repeat and accessories,strong repeat flywheel,decor not core,medium,high,2026-09-29
Reptile Basics,https://www.reptilebasics.com/,reptile,direct,US,Keeper-grade functional equipment,Serious breeders,"hide boxes, heating, racks","$4-$50","plastic",utilitarian,DTC,"forums, word of mouth",breeder credibility,multi-unit purchase,function and price,low aesthetic appeal,medium,medium,2026-09-29
Lugarti,https://www.lugarti.com/,reptile,direct,US,Premium reptile supplies,Enthusiasts,"hides, bowls, décor, substrates","$10-$80","resin, plastic, natural",natural,"DTC, specialty",content and community,specialist range,cross-category basket,curated specialist image,smaller distribution,medium,medium,2026-09-29
REPTI ZOO,https://reptizoo.store/,reptile,direct,US/Global,Value full-system reptile brand,Price-sensitive keepers,"enclosures, hides, lighting","$8-$200","resin, plastic, glass",natural/value,"Amazon, DTC",marketplace ads,ratings and breadth,bundles/large systems,price and assortment,brand differentiation weak,high,high,2026-09-29
Galápagos,https://www.galapagospet.com/,reptile,direct,US,Natural moss and habitat décor,Bioactive keepers,"moss caves, bedding, natural décor","$8-$40","moss, fiber, wood",bioactive,"Chewy, specialty",natural/bioactive content,material authenticity,consumables repeat,niche authority,durability/cleaning tradeoff,medium,medium,2026-09-29
Josh's Frogs,https://joshsfrogs.com/,reptile,direct,US,Living ecosystem authority,Frog/vivarium keepers,"animals, plants, décor, supplies","$5-$200+","mixed",bioactive,DTC,"SEO, YouTube, community",deep husbandry knowledge,live goods repeat,education and trust,hard to copy ecosystem,low,high,2026-09-29
NEHERP,https://www.neherpetoculture.com/,reptile,direct,US,Bioactive vivarium specialist,Dart frog/terrarium builders,"backgrounds, kits, plants","$5-$150","foam, cork, natural",custom natural,DTC,"guides, community",technical guides,kits and supplies,high expertise,small niche scale,medium,medium,2026-09-29
Custom Reptile Habitats,https://customreptilehabitats.com/,reptile,adjacent,US,Premium enclosures and backgrounds,Serious keepers,"enclosures, backgrounds, accessories","$30-$1000+","PVC, foam, resin",premium natural,DTC,"YouTube, SEO",engineering detail,high-ticket ecosystem,premium ticket,not small décor focus,low,medium,2026-09-29
Thrive,https://www.petsmart.com/featured-brands/thrive/,reptile,direct,US,PetSmart private-label reptile range,Mass retail beginners,"hides, bowls, kits","$8-$150","resin, plastic",natural,"PetSmart stores/online",retail shelf,retailer trust,bundles,distribution,limited independent brand equity,high,high,2026-09-29
Penn-Plax,https://www.penn-plax.com/,aquarium,direct,US/Global,Mass aquarium themes and licensed décor,Families and mainstream fish keepers,"ornaments, caves, filters","$8-$70","polyresin, plastic",themed/natural,"Chewy, Amazon, pet retail",IP and shelf presence,large review base,theme sets/IP,breadth and licensing,sharp-edge/size complaints,high,high,2026-09-29
biOrb,https://www.biorb.com/,aquarium,direct,UK/Global,Design-first aquarium ecosystem,Design-conscious owners,"aquariums, sculpture, plants","$15-$300+","resin, ceramic, acrylic",sculptural,"DTC, design/pet retail",lifestyle imagery,system compatibility,seasonal collections,strong ecosystem lock-in,closed-system dependence,medium,high,2026-09-29
Aqua Della,https://aquadistri.com/brands/aqua-della/,aquarium,direct,EU,European decorative aquascaping,Mainstream EU aquarists,"ornaments, rocks, plants","$8-$80","polyresin, ceramic",natural/theme,"dealer network",catalog/dealers,specialist distribution,series sets,broad aesthetics,limited US brand pull,medium,medium,2026-09-29
Imagitarium,https://www.petco.com/shop/en/petcostore/brand/imagitarium,aquarium,direct,US,Petco private-label aquarium assortment,Mass market,"resin ruins, plants, gravel","$5-$60","polyresin, plastic",themed,"Petco stores/online",retail shelf,Petco trust,basket with livestock/supplies,reach,private-label quality variability,high,high,2026-09-29
Top Fin,https://www.petsmart.com/featured-brands/top-fin/,aquarium,direct,US,PetSmart private-label aquarium range,Beginners/families,"ornaments, tanks, filters","$5-$100","resin, plastic",theme/value,"PetSmart",retail and promo,retailer trust,complete starter basket,paint durability discussion,high,high,2026-09-29
Marina,https://fluvalaquatics.com/us/brand/marina/,aquarium,direct,Global,Accessible aquarium accessories,Beginners,"ornaments, plants, tools","$5-$50","resin, plastic",mainstream,"pet retail, ecommerce",Hagen distribution,brand family,cross-sell,reach,limited premium story,medium,medium,2026-09-29
Fluval,https://fluvalaquatics.com/us/,aquarium,adjacent,Global,Performance aquarium systems,Committed aquarists,"filters, tanks, lighting, décor","$10-$500+","mixed",modern/natural,"DTC info, pet retail",education and product tech,technical authority,system cross-sell,strong trust,decor not core,low,high,2026-09-29
Aqueon,https://www.aqueon.com/,aquarium,adjacent,US,Mainstream complete aquarium care,Beginners,"tanks, filters, décor","$5-$300","mixed",mainstream,"mass/pet retail",starter education,complete-system credibility,consumables repeat,distribution,decor differentiation low,low,medium,2026-09-29
GloFish,https://www.glofish.com/,aquarium,direct,US,Fluorescent color ecosystem,Families/novelty buyers,"ornaments, gravel, lighting","$5-$60","resin, plastic",neon/theme,"mass/pet retail",distinctive IP/color,system coherence,collection add-ons,unique visual system,natural-aquascape rejection,medium,medium,2026-09-29
Aqua Culture,https://www.walmart.com/cp/fish/202074,aquarium,direct,US,Walmart value aquarium assortment,Price-sensitive beginners,"ornaments, tanks, food","$3-$40","resin, plastic",value/theme,Walmart,price/retail reach,Walmart availability,basket,value and scale,community quality complaints,high,high,2026-09-29
Dennerle,https://dennerle.com/en/,aquarium,adjacent,EU/Global,Nano and planted aquarium expertise,Advanced aquascapers,"tanks, substrate, plants, décor","$10-$300","ceramic, natural, glass",natural/minimal,"specialty retail",education and aquascaping,technical expertise,consumables/system,professional trust,higher learning curve,low,high,2026-09-29
OASE,https://www.oase.com/en/,aquarium,adjacent,EU/Global,Premium water and aquarium systems,Enthusiasts/professionals,"filters, aquariums, décor","$20-$1000+","mixed",premium technical,"specialty retail",engineering reputation,technical documentation,system ecosystem,quality and service,decor not focus,low,medium,2026-09-29
SuperFish,https://aquadistri.com/brands/superfish/,aquarium,direct,EU,Accessible European aquarium systems,Beginners,"tanks, décor, accessories","$5-$250","mixed",mainstream,"dealer network",retail distribution,full-range convenience,cross-sell,EU reach,limited premium differentiation,medium,medium,2026-09-29
Sera,https://www.sera.de/us/,aquarium,adjacent,EU/Global,Aquarium care authority,Committed aquarists,"food, care, décor","$5-$100","mixed",functional/natural,"specialty retail",education and care credibility,water-care trust,consumables repeat,authority,decor secondary,low,medium,2026-09-29
Seletti,https://seletti.it/,home,direct,EU/Global,Pop-surrealist design objects,Design-forward consumers,"resin lamps, tableware, objects","$40-$1000+","resin, porcelain, glass",surreal/pop,"DTC, design retail",iconic imagery/collabs,designer and retail credibility,series/lighting,high recognizability,copycat exposure,medium,high,2026-09-29
Jonathan Adler,https://jonathanadler.com/,home,direct,US/Global,Modern American glamour,Affluent design buyers,"ceramics, sculpture, furniture","$50-$3000+","ceramic, resin, metal",glam/eclectic,"DTC, stores, trade",room styling and brand personality,designer identity,whole-room basket,strong brand world,price/promo complexity,medium,high,2026-09-29
L'Objet,https://www.l-objet.com/,home,direct,US/EU,Artisanal luxury objects,Collectors/luxury gifting,"porcelain boxes, vases, trays","$95-$4860","porcelain, metal",luxury/organic,"DTC, luxury retail",editorial/collaborations,craft and limited editions,collections/gifting,extreme pricing power,capital/brand moat,low,high,2026-09-29
Qeeboo,https://www.qeeboo.com/,home,direct,EU/Global,Playful designer icons,Design collectors,"Rabbit, Turtle, lamps, furniture","$80-$3000+","polyethylene, ceramic, metal",pop/iconic,"DTC, design retail",designer-led icons,authorship and awards,icon families,strong series logic,scale/logistics,medium,high,2026-09-29
Pols Potten,https://www.polspotten.nl/,home,direct,EU/Global,Bold Dutch objects and furniture,Design-conscious consumers/trade,"vases, objects, furniture","$40-$1500+","ceramic, glass, metal",eclectic/bold,"wholesale, design retail",editorial and trade,curation/retail network,collection styling,strong wholesale presence,less direct founder story,medium,medium,2026-09-29
Fornasetti,https://www.fornasetti.com/,home,direct,EU/Global,Archive-driven collectible surrealism,Collectors,"plates, furniture, fragrance","$150-$10000+","porcelain, wood, wax",graphic/surreal,"DTC, luxury retail",iconic face/archive,art heritage,collectible series,IP moat,inaccessible price,low,high,2026-09-29
Lladró,https://www.lladro.com/,home,direct,Global,Porcelain art and gifting,Collectors/gift buyers,"figurines, lighting, home fragrance","$100-$10000+","porcelain",figurative/luxury,"DTC, boutiques, department stores",heritage and gifting,craft/brand history,occasion and collection,global trust,traditional image,medium,high,2026-09-29
Ferm Living,https://fermliving.com/,home,direct,EU/Global,Scandinavian lifestyle design,Design-conscious households,"objects, vases, furniture","$20-$2000+","ceramic, resin, wood",soft modern,"DTC, design retail",lifestyle content,coherent full home,room basket,broad coherent range,crowded Nordic segment,medium,high,2026-09-29
HAY,https://www.hay.com/,home,adjacent,Global,Accessible contemporary design,Design mainstream,"objects, furniture, lighting","$10-$3000+","mixed",modern/color,"DTC, stores, DWR",designer collaborations,distribution and authorship,whole-home basket,scale,decor objects not main moat,low,high,2026-09-29
Vitra,https://www.vitra.com/,home,adjacent,Global,Modern design canon,Collectors/professionals,"miniatures, objects, furniture","$50-$10000+","mixed",modernist,"DTC, dealers, museums",design history/authors,authentic licensed design,collectibles/furniture,heritage/IP,unreachable brand assets,low,high,2026-09-29
Bosa,https://www.bosatrade.com/,home,direct,EU/Global,Art ceramic collaborations,Collectors/design retail,"ceramic sculpture, vases","$100-$3000+","ceramic",artistic/colorful,"design dealers",designer collaborations,made-in-Italy craft,limited collections,craft/design capital,small niche,medium,medium,2026-09-29
Bitossi Ceramiche,https://bitossiceramiche.it/,home,direct,EU/Global,Italian ceramic heritage,Collectors,"vases, animals, objects","$100-$3000+","ceramic",modernist/heritage,"design retail",archive and designers,heritage/authenticity,collectible reissues,strong provenance,high price/limited scale,medium,high,2026-09-29
BD Barcelona,https://bdbarcelona.com/,home,adjacent,EU/Global,Art-design collectible furniture,Collectors/trade,"objects, furniture, limited editions","$300-$20000+","mixed",avant-garde,"design dealers",artists/architects,authentic editions,limited collection,art-world moat,not mass DTC,low,medium,2026-09-29
KARE Design,https://www.kare-design.com/,home,direct,EU/Global,Expressive accessible statement décor,Mainstream design seekers,"figurines, lamps, furniture","$20-$3000+","resin, metal, ceramic",eclectic/maximalist,"stores, franchise, ecommerce",visual merchandising,physical retail breadth,room basket,strong retail theater,promo/mass feel,high,high,2026-09-29
Normann Copenhagen,https://www.normann-copenhagen.com/,home,adjacent,EU/Global,Contemporary Scandinavian design,Design consumers,"objects, lighting, furniture","$20-$5000+","mixed",modern/minimal,"DTC, design retail",designer editorial,authorship and quality,whole-home basket,brand coherence,competitive design field,low,high,2026-09-29
Areaware,https://www.areaware.com/,adjacent,benchmark,US,Independent designer gift objects,Gift/design buyers,"objects, puzzles, desk décor","$15-$250","wood, ceramic, resin",playful modern,"DTC, museum/design retail",designer stories,authorship and curation,giftable collections,accessible design model,small-ticket CAC challenge,medium,medium,2026-09-29
Anthropologie,https://www.anthropologie.com/anthroliving/,adjacent,benchmark,US/UK,Eclectic lifestyle curation,Affluent female lifestyle buyer,"vases, candles, objects","$20-$500+","ceramic, resin, glass",eclectic/romantic,"stores, ecommerce",merchandising/editorial,retailer trust,room/gift basket,trend curation,frequent promo/fast trends,medium,high,2026-09-29
MoMA Design Store,https://store.moma.org/,adjacent,benchmark,US/Global,Museum-validated design gifts,Design/gift buyers,"objects, books, tabletop","$10-$1000+","mixed",modern/design canon,"stores, ecommerce",museum authority,curatorial trust,gifting/collections,validation halo,hard wholesale entry,low,high,2026-09-29
1stDibs,https://www.1stdibs.com/,adjacent,marketplace,Global,Luxury collectible marketplace,Collectors/designers,"vintage and contemporary objects","$100-$100000+","mixed",collector,"marketplace, trade",dealer network/authenticity,provenance and dealer trust,high-ticket discovery,luxury demand access,fees/competition,low,medium,2026-09-29
Etsy,https://www.etsy.com/,adjacent,marketplace,Global,Handmade and personalized marketplace,Niche/gift buyers,"ceramic caves, custom décor","$10-$500+","mixed",long-tail,"marketplace",search and creator story,reviews/customization,personalization,fast niche validation,copycats/platform dependence,high,high,2026-09-29
Medicom Toy,https://www.medicomtoy.co.jp/,adjacent,benchmark,Global,IP collectible drops,Collectors,"BE@RBRICK and art toys","$50-$10000+","plastic",collectible/IP,"drops, retail partners",scarcity/collabs,licensed IP,limited drops,community/scarcity moat,not functional home,low,high,2026-09-29
CB2,https://www.cb2.com/,adjacent,benchmark,US/Global,Modern premium mass home,Urban design consumers,"objects, vases, furniture","$20-$3000+","mixed",modern/eclectic,"stores, ecommerce, trade",room styling/SEO,retailer trust,whole-room basket,scale and merchandising,promotional competition,medium,high,2026-09-29
