category,brand,product,platform,market,type,material,size,local_price,currency,usd_price,original_price,promo,review_count,rating,main_claim,observed_issue,url,access_date
reptile,Exo Terra,Reptile Cave Medium,Chewy,US,hide,resin,Medium,10.99,USD,10.99,21.75,"deal; new-customer promo",112,4.2,natural secure hide,"size/entrance ambiguity",https://www.chewy.com/exo-terra-gecko-cave-reptiles/dp/131418,2026-09-29
reptile,Exo Terra,Reptile Cave XX-Large,Chewy,US,hide,resin,XXL,34.71,USD,34.71,,new-customer promo,46,4.0,large natural hide,"value and fit vary",https://www.chewy.com/best/reptile-hides-basking-platforms_s123294,2026-09-29
reptile,Zilla,Vertical Decor Rock Cave,Chewy,US,climbing hide,resin,,27.99,USD,27.99,,new-customer promo,,4.4,vertical space and hide,"cleaning/size to verify",https://www.chewy.com/best/reptile-hides-basking-platforms_s123294,2026-09-29
reptile,Pangea,Reptile Hide Box XL,Chewy,US,hide,plastic,XL,24.87,USD,24.87,,new-customer promo,,4.3,functional secure hide,"utilitarian aesthetics",https://www.chewy.com/best/reptile-hides-basking-platforms_s123294,2026-09-29
reptile,Vivarium Electronics,Hide Box Large,Chewy,US,hide,plastic,Large,10.99,USD,10.99,,, ,4.6,breeder-grade function,"low visual appeal",https://www.chewy.com/best/reptile-hides-basking-platforms_s123294,2026-09-29
reptile,Galapagos,Mossy Cave 6in,Chewy,US,humid hide,moss/fiber,6in,25.86,USD,25.86,29.99,deal,21,4.4,natural humid habitat,"cleaning/durability",https://www.chewy.com/exo-terra-gecko-cave-reptiles/dp/131418,2026-09-29
reptile,SunGrow,Coconut Hide,Chewy,US,hanging hide,coconut,,10.99,USD,10.99,,, ,4.7,natural hanging shelter,"variable natural size",https://www.chewy.com/best/reptile-hides-basking-platforms_s123294,2026-09-29
reptile,Zoo Med,Floating Turtle Log,Chewy,US,basking hide,resin/wood-look,Jumbo,45.99,USD,45.99,,new-customer promo,28,4.6,floating basking and shelter,"bulky; stability",https://www.chewy.com/best/reptile-hides-basking-platforms_s123294,2026-09-29
reptile,Exo Terra,Dinosaur Egg Fossil,Chewy,US,decorative hide,resin,small,24.99,USD,24.99,,,15,4.8,detailed themed hide,"not for adult snakes",https://www.chewy.com/exo-terra-dinosaur-egg-fossil-reptile/dp/334065,2026-09-29
reptile,Exo Terra,Cholla Cactus Skeleton Hide,Chewy,US,hide,resin,Medium,17.99,USD,17.99,,, , ,desert theme shelter,"openings need fit check",https://www.chewy.com/exo-terra-cholla-cactus-skeleton/dp/334120,2026-09-29
reptile,Exo Terra,Amapallo Plant Medium,Chewy,US,plant hide,plastic,Medium,8.99,USD,8.99,,,20,4.8,easy-clean cover,"not structural shelter",https://www.chewy.com/exo-terra-plastic-terrarium-reptile/dp/892358,2026-09-29
reptile,Zoo Med,African Mopani Wood Small,Chewy,US,natural decor,wood,6-8in,9.98,USD,9.98,12.99,deal,683,3.8,natural climbing/cover,"shape variability/size",https://www.chewy.com/exo-terra-gecko-cave-reptiles/dp/131418,2026-09-29
reptile,Independent seller,Faux Stone Reptile Hide,Etsy,US,hide,composite/resin,,55.00,USD,55.00,,seller dependent,,,handmade natural look,"material proof varies",https://www.etsy.com/listing/1701212350/handmade-faux-stone-reptile-hide-floral,2026-09-29
aquarium,Penn-Plax,SpongeBob Pineapple 6.5in,Chewy,US,IP ornament,polyresin,6.5in,8.84,USD,8.84,11.99,deal,89,4.1,licensed recognizable theme,"sharp windows/paint reputation",https://www.chewy.com/f/penn-plax-aquarium-ornaments_c2251_f1v215993,2026-09-29
aquarium,Penn-Plax,Driftwood Ornament Large,Chewy,US,hide ornament,resin,Large,11.77,USD,11.77,17.99,deal,47,4.0,naturalistic shelter,"size/finish",https://www.chewy.com/f/penn-plax-aquarium-ornaments_c2251_f1v215993,2026-09-29
aquarium,Penn-Plax,Swimming Sea Turtle Small,Chewy,US,ornament,resin,Small,10.99,USD,10.99,,,51,4.8,animated visual theme,"pure decor",https://www.chewy.com/f/penn-plax-aquarium-ornaments_c2251_f1v215993,2026-09-29
aquarium,Penn-Plax,Chum Bucket,Chewy,US,IP ornament,polyresin,,9.99,USD,9.99,12.99,deal,15,4.3,licensed theme,"openings/edges to inspect",https://www.chewy.com/f/penn-plax-aquarium-ornaments_c2251_f1v215993,2026-09-29
aquarium,Penn-Plax,Shale Ledge,Chewy,US,cave/ledge,resin,1 count,18.79,USD,18.79,34.99,deal,213,4.0,multi-entry shelter,"sharp inside; can break",https://www.chewy.com/penn-plax-shale-ledge-aquarium/product-reviews/181170,2026-09-29
aquarium,Penn-Plax,Sunken Battleship,Chewy,US,theme cave,resin,,24.99,USD,24.99,,,48,4.4,large visual centerpiece,"fish entrapment report; size",https://www.chewy.com/penn-plax-sunken-battleship-aquarium/product-reviews/131223,2026-09-29
aquarium,Penn-Plax,Giant Clam Bubbler,Chewy,US,action ornament,resin,,22.99,USD,22.99,,,28,3.7,bubble motion and glow,"arrived broken; mechanism unstable",https://www.chewy.com/penn-plax-giant-clam-aquarium/product-reviews/329531,2026-09-29
aquarium,Imagitarium,Cambodian Ruin,Petco,US,ruin ornament,polyresin,,24.99,USD,24.99,,10% off $50+,41,,themed swim-through,"interior/edges require inspection",https://www.petco.com/product/imagitarium-cambodian-ruin-aquatic-decor,2026-09-29
aquarium,Independent seller,Handmade Pleco Cave,Etsy,US,breeding cave,ceramic,,24.50,USD,24.50,,free shipping,120,,handmade species cave,"seller-specific dimensions",https://www.etsy.com/market/clay_hides_aquarium,2026-09-29
aquarium,Independent seller,Terracotta Turtle Basking Platform,Etsy,US,basking platform,terracotta,,24.52,USD,24.52,35.03,30% off,17,,handmade natural ceramic,"fragility",https://www.etsy.com/market/clay_hides_aquarium,2026-09-29
aquarium,Independent seller,Betta Fish Cave,Etsy,US,fish cave,ceramic,,65.00,USD,65.00,,,,,handmade art cave,"premium price; fit proof",https://www.etsy.com/listing/4342536145/handmade-ceramic-betta-fish-cave,2026-09-29
aquarium,Independent seller,Pleco/Bettas Ceramic Cave,Etsy,US,fish cave,ceramic,,15.40,USD,15.40,22.00,30% off,,,species-use cave,"promo frequency",https://www.etsy.com/listing/1411275263/purple-clay-pot-artificial-pleco-cave,2026-09-29
home,Sand & Stable,Trish Shell Figurine,Wayfair,US,decorative object,resin,"7x7x3in",14.99,USD,14.99,23.90,37% off,476,4.8,coastal hand-finished look,"sharp edges; size; lead concern",https://www.wayfair.com/decor-pillows/pdp/sand-stable-trish-ceramic-shell-figurine-elegant-home-decor-accent-piece-w007158273.html,2026-09-29
home,Beachcrest Home,Kosta Coral Sculpture,Wayfair,US,decorative object,resin,"4.7x8.3x7.5in",43.99,USD,43.99,58.00,24% off,249,4.6,realistic coastal coral,"smaller than expected; breakage",https://www.wayfair.com/decor-pillows/pdp/beachcrest-home-kosta-coral-decor-sculpture-w004205111.html,2026-09-29
home,Brayden Studio,Bricia Abstract Sculpture,Wayfair,US,sculpture,resin,17in,106.99,USD,106.99,185.81,42% off,16,4.9,large modern statement,"deep discount; resin value",https://www.wayfair.com/decor-pillows/pdp/brayden-studio-bricia-17-resin-abstract-decorative-sculpture-w110471398.html,2026-09-29
home,Orren Ellis,Terrika Decorative Object,Wayfair,US,sculpture,ceramic,"16x11x4in",37.99,USD,37.99,48.50,22% off,56,4.3,modern sculptural ceramic,"Prop 65 warning",https://www.wayfair.com/decor-pillows/pdp/orren-ellis-terrika-stoneware-ceramic-decorative-object-with-modern-sculptural-design-w008723479.html,2026-09-29
home,Everly Quinn,Abstract Art Statue,Wayfair,US,sculpture,resin,"2.4x5.9x10.2in",101.99,USD,101.99,,,6,4.5,white/gold gift object,"small review base; mislabeled specs",https://www.wayfair.com/decor-pillows/pdp/everly-quinn-home-decor-modern-abstract-art-ceramic-statue-ceramic-sculpture-dining-table-centerpiece-decor-decoration-for-living-room-coffee-table-shelf-kitchen-w115087554.html,2026-09-29
home,L'Objet,Crocodile Round Box,L'Objet,US,box,porcelain,,95.00,USD,95.00,,,,,luxury animal motif box,"brand-led premium",https://www.l-objet.com/collections/porcelain-decor,2026-09-29
home,L'Objet,Crocodile Rectangular Tray,L'Objet,US,tray,porcelain,,250.00,USD,250.00,,,,,functional luxury object,"high price",https://www.l-objet.com/collections/porcelain-decor,2026-09-29
home,L'Objet,Cenote Vase Large,L'Objet,US,vase,porcelain,,395.00,USD,395.00,,,,,sculptural artisan porcelain,"fragility",https://www.l-objet.com/collections/porcelain-decor,2026-09-29
home,L'Objet,Lito Bookend,L'Objet,US,bookend,porcelain,,525.00,USD,525.00,,,,,iconic functional object,"brand/design dependence",https://www.l-objet.com/collections/porcelain-decor,2026-09-29
home,L'Objet,Haas Huggers Box,L'Objet,US,collectible box,porcelain,,850.00,USD,850.00,,,,,artist collaboration collectible,"inaccessible mass price",https://www.l-objet.com/collections/porcelain-decor,2026-09-29
home,L'Objet,Haas Butts Up Box,L'Objet,US,collectible box,porcelain,,242.00,USD,242.00,650.00,sale,,,artist collaboration,"63% markdown signal",https://www.l-objet.com/collections/porcelain-decor,2026-09-29
home,Seletti,Monkey Lamp Sitting,Seletti,NL/EU,resin lamp,resin,"34x30x32cm",254.00,EUR,289.00,,, , ,iconic functional sculpture,"electrical compliance; bulky",https://it.seletti.it/Price_List_NL/download.php?f=Price_List_Paesi_Bassi_16-03-2026.pdf,2026-09-29
home,Seletti,Monkey Lamp Rope,Seletti,NL/EU,resin lamp,resin,"37x25x76.5cm",347.00,EUR,395.00,,, , ,large surreal statement,"electrical/transport",https://it.seletti.it/Price_List_NL/download.php?f=Price_List_Paesi_Bassi_16-03-2026.pdf,2026-09-29
home,Qeeboo,Rabbit Small Rechargeable Lamp,Qeeboo,US,light/seating,polyethylene,,398.00,USD,398.00,,,,,dual function designer icon,"large parcel/electrical",https://www.qeeboo.com/en/products/rabbit-small-lamp-with-rechargeable-led-design-stefano-giovannoni,2026-09-29
home,L'Objet,Cenote Coupe Bowl Small,L'Objet,EU,bowl,porcelain,,230.00,EUR,262.00,,,,,organic luxury bowl,"food-contact scope needs clarity",https://eu.l-objet.com/collections/porcelain-decor,2026-09-29
home,L'Objet,Timna Vase Tall,L'Objet,UK,vase,porcelain,,695.00,GBP,1054.00,,,,,hand-sculpted premium vase,"high breakage exposure",https://www.l-objet.com/en-uk/collections/porcelain-decor,2026-09-29
