source,category,product_or_context,paraphrased_voice,sentiment,theme,severity_1_5,frequency_signal,solvability,able_response,url,access_date
Chewy,reptile,Exo Terra Cave,"smaller snug hide improved feeding and security",positive,fit/security,4,repeat,high,"publish species/size fit and snugness rationale",https://www.chewy.com/exo-terra-reptile-cave/product-reviews/191184,2026-09-29
Chewy,reptile,Exo Terra Cave,"low profile holds warmth and feels secure",positive,thermal/function,4,repeat,high,"thermal map and placement instructions",https://www.chewy.com/exo-terra-reptile-cave/product-reviews/191184,2026-09-29
Chewy,reptile,Exo Terra Cave,"adult ball python entrance was about 2x2 inches and too small",negative,size/expectation,4,repeat,high,"entrance and inner dimensions plus body-girth guide",https://www.chewy.com/exo-terra-reptile-cave/product-reviews/191184,2026-09-29
Chewy,reptile,Exo Terra Cave,"true-to-picture appearance and adequate low profile praised",positive,appearance/fit,2,repeat,high,"scale photos and accurate color",https://www.chewy.com/exo-terra-reptile-cave/product-reviews/191184,2026-09-29
Chewy,reptile,Exo Terra Den,"animal preferred the cheaper ugly hide despite owner liking this design",mixed,animal-vs-human preference,3,observed,medium,"behavior test before aesthetic skin",https://www.chewy.com/exo-terra-reptile-den/product-reviews/334082,2026-09-29
Chewy,reptile,Exo Terra Plant,"reptile-specific fake plant feels easier to clean and safer than generic faux plants",positive,safety/cleaning,4,observed,high,"cleaning validation and intended-use claim",https://www.chewy.com/exo-terra-plastic-terrarium-reptile/dp/892358,2026-09-29
Reddit,reptile,cast resin hides,"inside holes can feel blade-sharp and users sand them with a rotary tool",negative,sharp edges,5,repeat,high,"edge radius spec; 100% cavity check",https://www.reddit.com/r/reptiles/comments/1hnmmbz,2026-09-29
Reddit,reptile,cast resin hides,"$40-$50 feels unacceptable when buyers must repair safety defects",negative,value/safety,5,repeat,high,"QC proof and no-repair guarantee",https://www.reddit.com/r/reptiles/comments/1hnmmbz,2026-09-29
Reddit,reptile,hide alternatives,"plastic flower pots and storage tubs work but are unattractive",mixed,substitute/aesthetics,2,repeat,high,"match utility while improving room aesthetics",https://www.reddit.com/r/reptiles/comments/1hnmmbz,2026-09-29
Reddit,reptile,ceramic hide concept,"buyers want removable lids for checking animals and moist substrate",positive,feature request,3,emerging,high,"removable inspection lid and moisture insert",https://www.reddit.com/r/HerpHomes/comments/1w5cvg6/handmade_ceramic_hides_etc/,2026-09-29
Reddit,reptile,ceramic hide concept,"natural exterior plus smooth ceramic water bowl interior is hard to find",positive,feature gap,3,emerging,high,"dual-surface natural exterior/smooth food-contact interior",https://www.reddit.com/r/HerpHomes/comments/1w5cvg6/handmade_ceramic_hides_etc/,2026-09-29
Reddit,reptile,hide recommendation,"Zilla Rock Lair is valued as a humid hide and Pangea ceramic looks better than black boxes",positive,function/aesthetics,3,repeat,high,"benchmark humidity and offer mature aesthetic",https://www.reddit.com/r/ballpython/comments/14z3cbk,2026-09-29
Reddit,reptile,epoxy decor,"keepers are uncertain whether cured resin remains safe under heat and harsh cleaning",negative,material trust,5,repeat,medium,"specific test scope; avoid blanket non-toxic claim",https://www.reddit.com/r/reptiles/comments/18w0qd0,2026-09-29
Chewy,aquarium,Penn-Plax Shale Ledge,"owner filed about seven sharp edges before use",negative,sharp edges,5,repeat,high,"no-sharp-edge release criterion",https://www.chewy.com/penn-plax-shale-ledge-aquarium/product-reviews/181170,2026-09-29
Chewy,aquarium,Penn-Plax Shale Ledge,"looked smaller than expected despite useful cave and ledge",mixed,size/expectation,3,repeat,high,"tank occupancy and hand-scale images",https://www.chewy.com/penn-plax-shale-ledge-aquarium/product-reviews/181170,2026-09-29
Chewy,aquarium,Penn-Plax Shale Ledge,"item broke into three pieces while pressed gently into substrate",negative,fragility,4,observed,high,"weak-point redesign and load test",https://www.chewy.com/penn-plax-shale-ledge-aquarium/product-reviews/181170,2026-09-29
Chewy,aquarium,Sunken Battleship,"betta entered a hole and became fatally trapped",negative,entrapment,5,critical,high,"species-specific go/no-go gauge; remove unsafe apertures",https://www.chewy.com/penn-plax-sunken-battleship-aquarium/product-reviews/131223,2026-09-29
Chewy,aquarium,Sunken Battleship,"ornament looked good but size and value disappointed",mixed,size/value,3,repeat,high,"actual tank-size visualization",https://www.chewy.com/penn-plax-sunken-battleship-aquarium/product-reviews/131223,2026-09-29
Chewy,aquarium,Giant Clam,"arrived cracked or latch broken so moving feature failed",negative,breakage/function,4,repeat,high,"shipping fixture and cycle test",https://www.chewy.com/penn-plax-giant-clam-aquarium/product-reviews/329531,2026-09-29
Chewy,aquarium,Giant Clam,"ornament shifts and will not stay assembled when fish pass",negative,stability,4,repeat,high,"weighted base and retention mechanism",https://www.chewy.com/penn-plax-giant-clam-aquarium/product-reviews/329531,2026-09-29
Chewy,aquarium,SpongeBob Pineapple,"inside window edges required sanding before betta use",negative,sharp edges,5,repeat,high,"full internal deburr and textile snag test",https://www.chewy.com/penn-plax-spongebob-pineapple-home/product-reviews/131262,2026-09-29
Reddit,aquarium,painted ornament,"water can undermine coating and paint may flake",negative,coating durability,5,repeat,medium,"avoid coating where possible; soak/adhesion tests",https://www.reddit.com/r/aquarium/comments/dvgp0t,2026-09-29
Reddit,aquarium,ornament openings,"snails and long-finned fish can get stuck in crevices",negative,entrapment,5,repeat,high,"single clean entrance or validated escape openings",https://www.reddit.com/r/aquarium/comments/dvgp0t,2026-09-29
Reddit,aquarium,non-aquarium ornament,"buyers cannot tell which sealant or claim is truly aquarium safe",negative,claim trust,5,repeat,medium,"publish lab scope and limitations",https://www.reddit.com/r/Aquariums/comments/xra6ic,2026-09-29
Reddit,aquarium,painted skull,"owner removed favorite ornament after paint chipped and kept finding flakes",negative,paint peeling/emotional loss,5,repeat,high,"durable uncoated material and inspection schedule",https://www.reddit.com/r/Aquariums/comments/1hlim80,2026-09-29
Reddit,aquarium,resin decor,"pleco incident led owner to remove all resin and switch to wood/stone",negative,material distrust,5,high-engagement,medium,"targeted testing and conservative claims; ceramic first",https://www.reddit.com/r/Aquariums/comments/1j6qho2,2026-09-29
Reddit,aquarium,painted cave,"paint reportedly bubbled and peeled after roughly two months",negative,coating durability,5,repeat,high,"accelerated soak and batch adhesion QC",https://www.reddit.com/r/Aquariums/comments/n2kvwh,2026-09-29
Reddit,aquarium,ceramic products,"breeders express demand for correctly sized ceramic caves and large turtle hides",positive,unmet demand,3,observed,high,"species/size ceramic series",https://www.reddit.com/r/PlantedTank/comments/10hu877,2026-09-29
Wayfair,home,Trish Shell,"appearance and style praised; size works in small displays",positive,appearance/scale,2,high aggregate,high,"show styled contexts at multiple scales",https://www.wayfair.com/decor-pillows/pdp/sand-stable-trish-ceramic-shell-figurine-elegant-home-decor-accent-piece-w007158273.html,2026-09-29
Wayfair,home,Trish Shell,"some buyers noted sharp edges and concern about lead warning",negative,finish/compliance,4,low aggregate,high,"edge QC and material disclosure",https://www.wayfair.com/decor-pillows/pdp/sand-stable-trish-ceramic-shell-figurine-elegant-home-decor-accent-piece-w007158273.html,2026-09-29
Wayfair,home,Kosta Coral,"realistic appearance and coastal styling drive praise",positive,visual realism,2,high aggregate,high,"close-up texture and styling content",https://www.wayfair.com/decor-pillows/pdp/beachcrest-home-kosta-coral-decor-sculpture-w004205111.html,2026-09-29
Wayfair,home,Kosta Coral,"some found it smaller than expected and reported breakage",negative,size/breakage,4,repeat aggregate,high,"room-scale AR/measurements and packaging test",https://www.wayfair.com/decor-pillows/pdp/beachcrest-home-kosta-coral-decor-sculpture-w004205111.html,2026-09-29
Wayfair,home,Terrika Object,"buyers value elegant texture and substantial appearance",positive,perceived quality,2,high aggregate,high,"material and weight proof",https://www.wayfair.com/decor-pillows/pdp/orren-ellis-terrika-stoneware-ceramic-decorative-object-with-modern-sculptural-design-w008723479.html,2026-09-29
L'Objet,home,Haas/Cenote collections,"buyers are asked to pay for artist collaboration, craft and a collectible family rather than raw material",positive,premium mechanism,2,market observation,medium,"build authorship and coherent collection",https://www.l-objet.com/collections/porcelain-decor,2026-09-29
Wayfair,home,resin sculptures,"20%-40% promotions are common and train buyers to wait for discounts",negative,price/value,3,market observation,medium,"avoid marketplace-style perpetual markdowns",https://www.wayfair.com/decor-pillows/pdp/brayden-studio-bricia-17-resin-abstract-decorative-sculpture-w110471398.html,2026-09-29
