keyword,country,intent,category,serp_features,dominant_pages,recommended_page,opportunity,competition_proxy,data_limit
reptile hides,US,commercial,reptile,"shopping, category, reviews","Chewy, Amazon, specialty stores",category,medium,high,"no verified volume"
reptile cave,US,commercial,reptile,"shopping, PDPs, images","Chewy, Amazon, Exo Terra",category,medium,high,"qualitative SERP"
leopard gecko humid hide,US,commercial/research,reptile,"guides, Reddit, products","care sites, Amazon, specialty",species-job landing,high,medium,"long-tail proxy"
best hide for leopard gecko,US,comparison,reptile,"listicles, Reddit, products","publishers, stores",comparison guide,high,medium,"avoid affiliate-only evidence"
ball python hide size,US,problem/research,reptile,"guides, forum, video","Reddit, care guides",fit calculator,high,medium,"no volume"
ball python hide box,US,commercial,reptile,"shopping, category","Reptile Basics, Amazon",product/category,medium,high,"price-led SERP"
warm and cool hide reptile,US,education,reptile,"care guides, snippets","care sites",educational guide,high,low,"conversion assisted"
bearded dragon basking cave,US,commercial,reptile,"shopping, images, video","Chewy, Amazon",species category,high,medium,"proxy only"
crested gecko feeding ledge cave,US,commercial,reptile,"products, images","Pangea, Amazon",hybrid product page,high,medium,"niche wording varies"
reptile hide sharp edges,US,problem,reptile,"Reddit, forums","community threads",safety checklist,high,low,"low direct purchase volume"
reptile safe resin,US,safety,reptile,"forums, maker blogs","Reddit, epoxy sites",materials/testing,high,medium,"claims need lab evidence"
how to clean reptile hide,US,problem,reptile,"guides, video","care publishers",cleaning guide,medium,low,"informational"
bioactive terrarium decor,US,commercial/inspiration,reptile,"images, shopping, Pinterest","specialty shops",collection/editorial,medium,high,"visual SERP"
naturalistic reptile decor,UK,commercial,reptile,"shopping, category","UK reptile stores",UK category,medium,medium,"local pricing required"
Reptilien Höhle Gecko,DE,commercial,reptile,"shopping, local retail","German pet retailers",localized species page,medium,medium,"translation and compliance"
aquarium ornaments,US,commercial,aquarium,"shopping, category, images","Chewy, Amazon, Walmart",category,low,very high,"broad price-led term"
fish tank decorations,US,commercial,aquarium,"shopping, images","Amazon, Petco, Walmart",category,low,very high,"broad"
aquarium cave,US,commercial,aquarium,"shopping, PDPs","Amazon, Chewy, Etsy",category,medium,high,"no volume"
betta cave safe,US,safety/commercial,aquarium,"Reddit, products, guides","community, retailers",species-safety landing,high,medium,"trust-led"
betta fish hide sharp edges,US,problem,aquarium,"Reddit, forums","community",safety test page,high,low,"small but high intent"
pleco breeding cave,US,commercial,aquarium,"Etsy, specialty, video","ceramic sellers",species category,high,medium,"specialist demand"
pleco cave size,US,research,aquarium,"forums, product pages","breeder communities",fit chart,high,low,"technical long-tail"
shrimp cave aquarium,US,commercial,aquarium,"shopping, Etsy, images","Amazon, Etsy",species category,high,medium,"visual niche"
kuhli loach hide,US,research/commercial,aquarium,"Reddit, guides, products","community, Amazon",species page,high,medium,"risk/fit concern"
ceramic aquarium cave,US,commercial,aquarium,"Etsy, Amazon, specialty","handmade sellers",material category,high,medium,"fragmented suppliers"
aquarium safe resin,US,safety,aquarium,"forums, epoxy makers","Reddit, blogs",testing methodology,high,medium,"no universal simple proof"
aquarium ornament paint peeling,US,problem,aquarium,"Reddit, forums","community",troubleshooting/why uncoated,high,low,"reputation topic"
how to make aquarium decor safe,US,problem,aquarium,"video, forums","YouTube, Reddit",safety guide,medium,medium,"DIY audience mixed"
aquascaping decor,US,inspiration/commercial,aquarium,"images, Pinterest, stores","aquascape stores",editorial collection,medium,high,"natural materials dominate"
Aquarium Höhle Keramik,DE,commercial,aquarium,"shopping, marketplaces","German retailers",localized category,high,medium,"local language needed"
grotte aquarium céramique,FR,commercial,aquarium,"shopping, Etsy","French marketplaces",localized category,medium,medium,"no verified volume"
ceramic decorative objects,US,commercial,home,"shopping, images, design stores","Wayfair, CB2, design brands",category,medium,high,"broad crowded"
resin sculpture home decor,US,commercial,home,"shopping, images","Wayfair, Amazon",category,low,very high,"low-price anchor"
collectible design objects,US,commercial/research,home,"design stores, editorial","MoMA, 1stDibs, brands",collection/editorial,high,medium,"requires brand authority"
sculptural bookends,US,commercial,home,"shopping, images","design retailers",functional category,high,medium,"giftable"
statement decorative object,US,inspiration,home,"images, editorial, shopping","design media, retailers",style landing,medium,high,"vague intent"
luxury ceramic vase,US,commercial,home,"shopping, luxury retail","L'Objet, department stores",premium collection,medium,high,"authority barrier"
designer catchall tray,US,commercial/gift,home,"shopping, images","design brands",product collection,high,medium,"functional gift"
unique housewarming gift under 150,US,gift,home,"shopping, listicles","marketplaces, publishers",gift guide,high,high,"seasonal"
modern surrealist home decor,US,inspiration/commercial,home,"images, Pinterest, shops","Seletti-like brands",style collection,medium,medium,"trend dependent"
neo deco accessories,US,inspiration,home,"Pinterest, editorial","trend media",editorial/collection,medium,medium,"2026 trend proxy"
designer ceramic objects,UK,commercial,home,"shopping, design retail","UK design stores",UK category,medium,high,"VAT/shipping"
objet décoratif céramique design,FR,commercial,home,"shopping, design brands","French retailers",localized category,medium,high,"local authority"
Keramik Deko Objekt Design,DE,commercial,home,"shopping, images","German retailers",localized category,medium,high,"local language"
how to style a console table objects,US,inspiration,home,"images, video, publishers","design media",shoppable guide,medium,high,"top-funnel"
resin vs ceramic decor,US,comparison,home,"guides, shopping","blogs, stores",comparison/materials,high,low,"Able expertise opportunity"
how big is a 12 inch sculpture,US,size/problem,home,"images, calculators","retail PDPs",scale guide,high,low,"conversion support"
lead free ceramic decor,US,safety,home,"products, regulations","retailers, government",materials/compliance,medium,medium,"claim-specific tests"
interior designer trade decor,US,B2B,home,"trade programs, wholesale","CB2, design brands",trade program,high,high,"small but high value"
limited edition ceramic sculpture,US,collector,home,"galleries, 1stDibs","artists, galleries",drop/edition page,medium,high,"requires provenance"
aquarium decor near me,US,local,aquarium,"map pack, stores","Petco, PetSmart, LFS",store locator/stockist,medium,high,"needs retail partners"
reptile store near me hides,US,local,reptile,"map pack, stores","specialty stores",stockist page,medium,high,"offline channel dependent"
