title,url,publisher,published_date,access_date,region,source_type,supports,reliability
"2025 State of the Industry Report release",https://americanpetproducts.org/news/the-american-pet-products-association-appa-releases-2025-state-of-the-industry-report-archive,APPA,2025,2026-09-29,US,industry association,"pet ownership/spend context",B
"Chewy 2025 10-K",https://s23.q4cdn.com/610444331/files/doc_financials/2025/q4/Chewy-2025-10-K-4.pdf,Chewy,2026,2026-09-29,US,company filing,"active customers/net sales/channel scale",A
"Petco FY2025 results",https://corporate.petco.com/2026-03-11-Petco-Reports-Fourth-Quarter-and-Full-Year-2025-Results,Petco,2026-03-11,2026-09-29,US,company release,"store count/channel conditions",A
"Wayfair 2025 10-K",https://www.sec.gov/Archives/edgar/data/1616707/000161670726000027/w-20251231.htm,SEC/Wayfair,2026,2026-09-29,US,company filing,"home ecommerce channel",A
"Exo Terra Cave reviews",https://www.chewy.com/exo-terra-reptile-cave/product-reviews/191184,Chewy,current,2026-09-29,US,retailer reviews,"fit/security/size VOC",B
"Chewy best reptile hides",https://www.chewy.com/best/reptile-hides-basking-platforms_s123294,Chewy,current,2026-09-29,US,retailer category,"prices/ratings/assortment",A
"Exo Terra Dinosaur Egg",https://www.chewy.com/exo-terra-dinosaur-egg-fossil-reptile/dp/334065,Chewy,current,2026-09-29,US,retailer PDP,"theme/fit/reviews",A
"Exo Terra plant PDP",https://www.chewy.com/exo-terra-plastic-terrarium-reptile/dp/892358,Chewy,current,2026-09-29,US,retailer PDP,"price/material/cleaning VOC",A
"Etsy clay aquarium hides",https://www.etsy.com/market/clay_hides_aquarium,Etsy,current,2026-09-29,Global,marketplace,"handmade ceramic prices",B
"PENN-PLAX Shale Ledge reviews",https://www.chewy.com/penn-plax-shale-ledge-aquarium/product-reviews/181170,Chewy,current,2026-09-29,US,retailer reviews,"sharpness/breakage/size",B
"PENN-PLAX Battleship reviews",https://www.chewy.com/penn-plax-sunken-battleship-aquarium/product-reviews/131223,Chewy,current,2026-09-29,US,retailer reviews,"entrapment/size/value",B
"PENN-PLAX Giant Clam reviews",https://www.chewy.com/penn-plax-giant-clam-aquarium/product-reviews/329531,Chewy,current,2026-09-29,US,retailer reviews,"shipping/mechanical failure",B
"PENN-PLAX ornaments category",https://www.chewy.com/f/penn-plax-aquarium-ornaments_c2251_f1v215993,Chewy,current,2026-09-29,US,retailer category,"price/promo/review proxy",A
"Imagitarium Cambodian Ruin",https://www.petco.com/product/imagitarium-cambodian-ruin-aquatic-decor,Petco,current,2026-09-29,US,retailer PDP,"price/material",A
"Trish Shell figurine",https://www.wayfair.com/decor-pillows/pdp/sand-stable-trish-ceramic-shell-figurine-elegant-home-decor-accent-piece-w007158273.html,Wayfair,current,2026-09-29,US,retailer PDP,"mass resin price/reviews/Prop65",A
"Kosta coral sculpture",https://www.wayfair.com/decor-pillows/pdp/beachcrest-home-kosta-coral-decor-sculpture-w004205111.html,Wayfair,current,2026-09-29,US,retailer PDP,"discount/size/breakage",A
"Bricia abstract sculpture",https://www.wayfair.com/decor-pillows/pdp/brayden-studio-bricia-17-resin-abstract-decorative-sculpture-w110471398.html,Wayfair,current,2026-09-29,US,retailer PDP,"premium-mass discount",A
"L'Objet porcelain decor US",https://www.l-objet.com/collections/porcelain-decor,L'Objet,current,2026-09-29,US,brand category,"luxury price architecture",A
"L'Objet porcelain decor EU",https://eu.l-objet.com/collections/porcelain-decor,L'Objet,current,2026-09-29,EU,brand category,"regional pricing",A
"Seletti 2026 price list",https://it.seletti.it/Price_List_NL/download.php?f=Price_List_Paesi_Bassi_16-03-2026.pdf,Seletti,2026-03-16,2026-09-29,EU,official price list,"resin lamp prices/materials",A
"Qeeboo Rabbit Lamp",https://www.qeeboo.com/en/products/rabbit-small-lamp-with-rechargeable-led-design-stefano-giovannoni,Qeeboo,current,2026-09-29,Global,brand PDP,"designer/icon/function premium",A
"Qeeboo Rabbit Collection",https://www.qeeboo.com/en/collections/rabbit-collection,Qeeboo,current,2026-09-29,Global,brand category,"series extension",A
"REACH Regulation",https://environment.ec.europa.eu/topics/chemicals/reach-regulation_en,European Commission,current,2026-09-29,EU,government,"chemical framework",A
"Candidate List substances in articles",https://echa.europa.eu/regulations/reach/candidate-list-substances-in-articles,ECHA,current,2026-09-29,EU,regulator,"SVHC article obligations",A
"EU GPSR Guidelines",https://eur-lex.europa.eu/eli/C/2025/6233/oj/eng,European Commission,2025,2026-09-29,EU,official guidance,"risk/traceability/economic operators",A
"UK product safety advice",https://www.gov.uk/guidance/product-safety-advice-for-businesses,OPSS,2026-07-21,2026-09-29,UK,government,"UK GPSR/product liability",A
"UK manufacturer/importer advice",https://www.gov.uk/guidance/product-safety-law-compliance-advice-for-manufacturers-and-importers,OPSS,2024-12-13,2026-09-29,UK,government,"technical docs/labels/monitoring",A
"Proposition 65 business FAQ",https://www.p65warnings.ca.gov/business-resources/frequently-asked-questions-businesses,OEHHA,current,2026-09-29,California,regulator,"online and product warnings",A
"CPSIA overview",https://www.cpsc.gov/Regulations-Laws--Standards/Statutes/The-Consumer-Product-Safety-Improvement-Act,CPSC,current,2026-09-29,US,regulator,"children products/certificates",A
"EU ceramic food-contact revision",https://food.ec.europa.eu/food-safety/chemical-safety/food-contact-materials/revision-eu-rules_en,European Commission,current,2026-09-29,EU,government,"lead/cadmium and revision",A
"Sharp cast-resin reptile décor discussion",https://www.reddit.com/r/reptiles/comments/1hnmmbz,Reddit,2024-12-27,2026-09-29,Global,community,"sharp edges/value VOC",C
"Aquarium edges and paint discussion",https://www.reddit.com/r/aquarium/comments/dvgp0t,Reddit,2019-11-13,2026-09-29,Global,community,"sharp edges/paint/entrapment",C
"Aquarium ornament sealing discussion",https://www.reddit.com/r/Aquariums/comments/xra6ic,Reddit,2022-09-29,2026-09-29,Global,community,"claim uncertainty",C
"Paint flaking cave discussion",https://www.reddit.com/r/Aquariums/comments/n2kvwh,Reddit,2021-05-01,2026-09-29,Global,community,"coating VOC",C
"Resin decoration incident discussion",https://www.reddit.com/r/Aquariums/comments/1j6qho2,Reddit,2025-03-08,2026-09-29,Global,community,"material distrust; not causal proof",C
"Ceramic planted-tank product demand",https://www.reddit.com/r/PlantedTank/comments/10hu877,Reddit,2023-01-21,2026-09-29,Global,community,"ceramic cave demand",C
"Handmade ceramic hides discussion",https://www.reddit.com/r/HerpHomes/comments/1w5cvg6/handmade_ceramic_hides_etc,Reddit,2026-09,2026-09-29,Global,community,"feature requests",C
"Pinterest Predicts 2026 marketing playbook",https://business.pinterest.com/pdf/pinterest-predicts/2026-marketing-playbook/,Pinterest,2025-12,2026-09-29,Global,platform report,"home visual trends",B
"Pinterest Spring Trend Report 2026",https://newsroom.pinterest.com/en-gb/news/spring-trend-report-2026/,Pinterest,2026,2026-09-29,UK/Global,platform report,"self-expression/home trends",B
"TikTok Next 2026 NA",https://ads.tiktok.com/business/library/TikTok_Next_2026_Trend_Report_NA.pdf,TikTok,2026,2026-09-29,North America,platform report,"creative/consumer trend framing",B
"ECB EUR/USD reference",https://www.ecb.europa.eu/stats/policy_and_exchange_rates/euro_reference_exchange_rates/html/eurofxref-graph-usd.en.html?date=2026-09-23&rate=1.1411,ECB,2026-09-29,2026-09-29,EU,central bank,"currency conversion",A
"Able product capabilities",https://able-sooty.vercel.app/products.html,Able Trading,2026,2026-09-29,Global,company site,"current category/material claims",A
"Able manufacturing capabilities",https://able-sooty.vercel.app/manufacturing.html,Able Trading,2026,2026-09-29,Global,company site,"manufacturing history/process",A
